<annotation>
	<folder>apple_pie</folder>
	<filename>129668.jpg</filename>
	<path>E:\Beshoy\College\content\food-101\images\apple_pie\129668.jpg</path>
	<source>
		<database>Unknown</database>
	</source>
	<size>
		<width>384</width>
		<height>512</height>
		<depth>3</depth>
	</size>
	<segmented>0</segmented>
	<object>
		<name>apple_pie</name>
		<pose>Unspecified</pose>
		<truncated>0</truncated>
		<difficult>0</difficult>
		<bndbox>
			<xmin>3</xmin>
			<ymin>98</ymin>
			<xmax>376</xmax>
			<ymax>446</ymax>
		</bndbox>
	</object>
</annotation>
