<annotation>
	<folder>apple_pie</folder>
	<filename>245712.jpg</filename>
	<path>E:\Beshoy\College\content\food-101\images\apple_pie\245712.jpg</path>
	<source>
		<database>Unknown</database>
	</source>
	<size>
		<width>512</width>
		<height>326</height>
		<depth>3</depth>
	</size>
	<segmented>0</segmented>
	<object>
		<name>apple_pie</name>
		<pose>Unspecified</pose>
		<truncated>0</truncated>
		<difficult>0</difficult>
		<bndbox>
			<xmin>90</xmin>
			<ymin>83</ymin>
			<xmax>278</xmax>
			<ymax>260</ymax>
		</bndbox>
	</object>
	<object>
		<name>apple_pie</name>
		<pose>Unspecified</pose>
		<truncated>0</truncated>
		<difficult>0</difficult>
		<bndbox>
			<xmin>293</xmin>
			<ymin>105</ymin>
			<xmax>388</xmax>
			<ymax>184</ymax>
		</bndbox>
	</object>
</annotation>
