<annotation>
	<folder>apple_pie</folder>
	<filename>267865.jpg</filename>
	<path>E:\Beshoy\College\content\food-101\images\apple_pie\267865.jpg</path>
	<source>
		<database>Unknown</database>
	</source>
	<size>
		<width>512</width>
		<height>384</height>
		<depth>3</depth>
	</size>
	<segmented>0</segmented>
	<object>
		<name>apple_pie</name>
		<pose>Unspecified</pose>
		<truncated>0</truncated>
		<difficult>0</difficult>
		<bndbox>
			<xmin>139</xmin>
			<ymin>54</ymin>
			<xmax>431</xmax>
			<ymax>284</ymax>
		</bndbox>
	</object>
</annotation>
