<annotation>
	<folder>apple_pie</folder>
	<filename>293530.jpg</filename>
	<path>E:\Beshoy\College\content\food-101\images\apple_pie\293530.jpg</path>
	<source>
		<database>Unknown</database>
	</source>
	<size>
		<width>512</width>
		<height>384</height>
		<depth>3</depth>
	</size>
	<segmented>0</segmented>
	<object>
		<name>apple_pie</name>
		<pose>Unspecified</pose>
		<truncated>1</truncated>
		<difficult>0</difficult>
		<bndbox>
			<xmin>16</xmin>
			<ymin>1</ymin>
			<xmax>488</xmax>
			<ymax>264</ymax>
		</bndbox>
	</object>
</annotation>
