<annotation>
	<folder>apple_pie</folder>
	<filename>299931.jpg</filename>
	<path>E:\Beshoy\College\content\food-101\images\apple_pie\299931.jpg</path>
	<source>
		<database>Unknown</database>
	</source>
	<size>
		<width>382</width>
		<height>512</height>
		<depth>3</depth>
	</size>
	<segmented>0</segmented>
	<object>
		<name>apple_pie</name>
		<pose>Unspecified</pose>
		<truncated>0</truncated>
		<difficult>0</difficult>
		<bndbox>
			<xmin>101</xmin>
			<ymin>141</ymin>
			<xmax>288</xmax>
			<ymax>320</ymax>
		</bndbox>
	</object>
</annotation>
