<annotation>
	<folder>apple_pie</folder>
	<filename>330431.jpg</filename>
	<path>E:\Beshoy\College\content\food-101\images\apple_pie\330431.jpg</path>
	<source>
		<database>Unknown</database>
	</source>
	<size>
		<width>384</width>
		<height>512</height>
		<depth>3</depth>
	</size>
	<segmented>0</segmented>
	<object>
		<name>apple_pie</name>
		<pose>Unspecified</pose>
		<truncated>0</truncated>
		<difficult>0</difficult>
		<bndbox>
			<xmin>46</xmin>
			<ymin>142</ymin>
			<xmax>365</xmax>
			<ymax>351</ymax>
		</bndbox>
	</object>
</annotation>
