<annotation>
	<folder>apple_pie</folder>
	<filename>339902.jpg</filename>
	<path>E:\Beshoy\College\content\food-101\images\apple_pie\339902.jpg</path>
	<source>
		<database>Unknown</database>
	</source>
	<size>
		<width>512</width>
		<height>512</height>
		<depth>3</depth>
	</size>
	<segmented>0</segmented>
	<object>
		<name>apple_pie</name>
		<pose>Unspecified</pose>
		<truncated>0</truncated>
		<difficult>0</difficult>
		<bndbox>
			<xmin>2</xmin>
			<ymin>2</ymin>
			<xmax>482</xmax>
			<ymax>464</ymax>
		</bndbox>
	</object>
</annotation>
