<annotation>
	<folder>apple_pie</folder>
	<filename>360406.jpg</filename>
	<path>E:\Beshoy\College\content\food-101\images\apple_pie\360406.jpg</path>
	<source>
		<database>Unknown</database>
	</source>
	<size>
		<width>512</width>
		<height>382</height>
		<depth>3</depth>
	</size>
	<segmented>0</segmented>
	<object>
		<name>apple_pie</name>
		<pose>Unspecified</pose>
		<truncated>0</truncated>
		<difficult>0</difficult>
		<bndbox>
			<xmin>219</xmin>
			<ymin>108</ymin>
			<xmax>486</xmax>
			<ymax>289</ymax>
		</bndbox>
	</object>
</annotation>
