<annotation>
	<folder>apple_pie</folder>
	<filename>375297.jpg</filename>
	<path>E:\Beshoy\College\content\food-101\images\apple_pie\375297.jpg</path>
	<source>
		<database>Unknown</database>
	</source>
	<size>
		<width>382</width>
		<height>512</height>
		<depth>3</depth>
	</size>
	<segmented>0</segmented>
	<object>
		<name>apple_pie</name>
		<pose>Unspecified</pose>
		<truncated>1</truncated>
		<difficult>0</difficult>
		<bndbox>
			<xmin>60</xmin>
			<ymin>59</ymin>
			<xmax>382</xmax>
			<ymax>350</ymax>
		</bndbox>
	</object>
</annotation>
