<annotation>
	<folder>apple_pie</folder>
	<filename>412306.jpg</filename>
	<path>E:\Beshoy\College\content\food-101\images\apple_pie\412306.jpg</path>
	<source>
		<database>Unknown</database>
	</source>
	<size>
		<width>512</width>
		<height>384</height>
		<depth>3</depth>
	</size>
	<segmented>0</segmented>
	<object>
		<name>apple_pie</name>
		<pose>Unspecified</pose>
		<truncated>0</truncated>
		<difficult>0</difficult>
		<bndbox>
			<xmin>120</xmin>
			<ymin>47</ymin>
			<xmax>433</xmax>
			<ymax>280</ymax>
		</bndbox>
	</object>
</annotation>
