<annotation>
	<folder>apple_pie</folder>
	<filename>416233.jpg</filename>
	<path>E:\Beshoy\College\content\food-101\images\apple_pie\416233.jpg</path>
	<source>
		<database>Unknown</database>
	</source>
	<size>
		<width>487</width>
		<height>512</height>
		<depth>3</depth>
	</size>
	<segmented>0</segmented>
	<object>
		<name>apple_pie</name>
		<pose>Unspecified</pose>
		<truncated>1</truncated>
		<difficult>0</difficult>
		<bndbox>
			<xmin>1</xmin>
			<ymin>43</ymin>
			<xmax>484</xmax>
			<ymax>463</ymax>
		</bndbox>
	</object>
</annotation>
