<annotation>
	<folder>apple_pie</folder>
	<filename>421036.jpg</filename>
	<path>E:\Beshoy\College\content\food-101\images\apple_pie\421036.jpg</path>
	<source>
		<database>Unknown</database>
	</source>
	<size>
		<width>512</width>
		<height>341</height>
		<depth>3</depth>
	</size>
	<segmented>0</segmented>
	<object>
		<name>apple_pie</name>
		<pose>Unspecified</pose>
		<truncated>0</truncated>
		<difficult>0</difficult>
		<bndbox>
			<xmin>72</xmin>
			<ymin>89</ymin>
			<xmax>385</xmax>
			<ymax>272</ymax>
		</bndbox>
	</object>
</annotation>
