<annotation>
	<folder>cup_cakes</folder>
	<filename>114847.jpg</filename>
	<path>E:\Beshoy\College\content\food-101\images\cup_cakes\114847.jpg</path>
	<source>
		<database>Unknown</database>
	</source>
	<size>
		<width>512</width>
		<height>384</height>
		<depth>3</depth>
	</size>
	<segmented>0</segmented>
	<object>
		<name>cup_cakes</name>
		<pose>Unspecified</pose>
		<truncated>0</truncated>
		<difficult>0</difficult>
		<bndbox>
			<xmin>43</xmin>
			<ymin>133</ymin>
			<xmax>263</xmax>
			<ymax>333</ymax>
		</bndbox>
	</object>
	<object>
		<name>cup_cakes</name>
		<pose>Unspecified</pose>
		<truncated>0</truncated>
		<difficult>0</difficult>
		<bndbox>
			<xmin>262</xmin>
			<ymin>71</ymin>
			<xmax>468</xmax>
			<ymax>268</ymax>
		</bndbox>
	</object>
</annotation>
