<annotation>
	<folder>cup_cakes</folder>
	<filename>120909.jpg</filename>
	<path>E:\Beshoy\College\content\food-101\images\cup_cakes\120909.jpg</path>
	<source>
		<database>Unknown</database>
	</source>
	<size>
		<width>382</width>
		<height>512</height>
		<depth>3</depth>
	</size>
	<segmented>0</segmented>
	<object>
		<name>cup_cakes</name>
		<pose>Unspecified</pose>
		<truncated>1</truncated>
		<difficult>0</difficult>
		<bndbox>
			<xmin>11</xmin>
			<ymin>53</ymin>
			<xmax>382</xmax>
			<ymax>397</ymax>
		</bndbox>
	</object>
</annotation>
