<annotation>
	<folder>cup_cakes</folder>
	<filename>122408.jpg</filename>
	<path>E:\Beshoy\College\content\food-101\images\cup_cakes\122408.jpg</path>
	<source>
		<database>Unknown</database>
	</source>
	<size>
		<width>512</width>
		<height>341</height>
		<depth>3</depth>
	</size>
	<segmented>0</segmented>
	<object>
		<name>cup_cakes</name>
		<pose>Unspecified</pose>
		<truncated>0</truncated>
		<difficult>0</difficult>
		<bndbox>
			<xmin>113</xmin>
			<ymin>138</ymin>
			<xmax>243</xmax>
			<ymax>275</ymax>
		</bndbox>
	</object>
	<object>
		<name>cup_cakes</name>
		<pose>Unspecified</pose>
		<truncated>0</truncated>
		<difficult>0</difficult>
		<bndbox>
			<xmin>207</xmin>
			<ymin>187</ymin>
			<xmax>337</xmax>
			<ymax>322</ymax>
		</bndbox>
	</object>
	<object>
		<name>cup_cakes</name>
		<pose>Unspecified</pose>
		<truncated>0</truncated>
		<difficult>0</difficult>
		<bndbox>
			<xmin>277</xmin>
			<ymin>110</ymin>
			<xmax>397</xmax>
			<ymax>257</ymax>
		</bndbox>
	</object>
</annotation>
