<annotation>
	<folder>cup_cakes</folder>
	<filename>125679.jpg</filename>
	<path>E:\Beshoy\College\content\food-101\images\cup_cakes\125679.jpg</path>
	<source>
		<database>Unknown</database>
	</source>
	<size>
		<width>512</width>
		<height>384</height>
		<depth>3</depth>
	</size>
	<segmented>0</segmented>
	<object>
		<name>cup_cakes</name>
		<pose>Unspecified</pose>
		<truncated>0</truncated>
		<difficult>0</difficult>
		<bndbox>
			<xmin>13</xmin>
			<ymin>58</ymin>
			<xmax>105</xmax>
			<ymax>108</ymax>
		</bndbox>
	</object>
	<object>
		<name>cup_cakes</name>
		<pose>Unspecified</pose>
		<truncated>0</truncated>
		<difficult>0</difficult>
		<bndbox>
			<xmin>133</xmin>
			<ymin>62</ymin>
			<xmax>203</xmax>
			<ymax>109</ymax>
		</bndbox>
	</object>
	<object>
		<name>cup_cakes</name>
		<pose>Unspecified</pose>
		<truncated>0</truncated>
		<difficult>0</difficult>
		<bndbox>
			<xmin>229</xmin>
			<ymin>64</ymin>
			<xmax>305</xmax>
			<ymax>112</ymax>
		</bndbox>
	</object>
	<object>
		<name>cup_cakes</name>
		<pose>Unspecified</pose>
		<truncated>0</truncated>
		<difficult>0</difficult>
		<bndbox>
			<xmin>327</xmin>
			<ymin>66</ymin>
			<xmax>412</xmax>
			<ymax>118</ymax>
		</bndbox>
	</object>
	<object>
		<name>cup_cakes</name>
		<pose>Unspecified</pose>
		<truncated>1</truncated>
		<difficult>0</difficult>
		<bndbox>
			<xmin>425</xmin>
			<ymin>68</ymin>
			<xmax>512</xmax>
			<ymax>122</ymax>
		</bndbox>
	</object>
	<object>
		<name>cup_cakes</name>
		<pose>Unspecified</pose>
		<truncated>0</truncated>
		<difficult>0</difficult>
		<bndbox>
			<xmin>398</xmin>
			<ymin>241</ymin>
			<xmax>495</xmax>
			<ymax>327</ymax>
		</bndbox>
	</object>
	<object>
		<name>cup_cakes</name>
		<pose>Unspecified</pose>
		<truncated>0</truncated>
		<difficult>0</difficult>
		<bndbox>
			<xmin>279</xmin>
			<ymin>256</ymin>
			<xmax>363</xmax>
			<ymax>326</ymax>
		</bndbox>
	</object>
	<object>
		<name>cup_cakes</name>
		<pose>Unspecified</pose>
		<truncated>0</truncated>
		<difficult>0</difficult>
		<bndbox>
			<xmin>160</xmin>
			<ymin>254</ymin>
			<xmax>245</xmax>
			<ymax>334</ymax>
		</bndbox>
	</object>
	<object>
		<name>cup_cakes</name>
		<pose>Unspecified</pose>
		<truncated>0</truncated>
		<difficult>0</difficult>
		<bndbox>
			<xmin>317</xmin>
			<ymin>200</ymin>
			<xmax>380</xmax>
			<ymax>234</ymax>
		</bndbox>
	</object>
	<object>
		<name>cup_cakes</name>
		<pose>Unspecified</pose>
		<truncated>0</truncated>
		<difficult>0</difficult>
		<bndbox>
			<xmin>130</xmin>
			<ymin>201</ymin>
			<xmax>198</xmax>
			<ymax>243</ymax>
		</bndbox>
	</object>
	<object>
		<name>cup_cakes</name>
		<pose>Unspecified</pose>
		<truncated>0</truncated>
		<difficult>0</difficult>
		<bndbox>
			<xmin>3</xmin>
			<ymin>243</ymin>
			<xmax>114</xmax>
			<ymax>333</ymax>
		</bndbox>
	</object>
</annotation>
