<annotation>
	<folder>cup_cakes</folder>
	<filename>125762.jpg</filename>
	<path>E:\Beshoy\College\content\food-101\images\cup_cakes\125762.jpg</path>
	<source>
		<database>Unknown</database>
	</source>
	<size>
		<width>384</width>
		<height>512</height>
		<depth>3</depth>
	</size>
	<segmented>0</segmented>
	<object>
		<name>cup_cakes</name>
		<pose>Unspecified</pose>
		<truncated>0</truncated>
		<difficult>0</difficult>
		<bndbox>
			<xmin>166</xmin>
			<ymin>121</ymin>
			<xmax>365</xmax>
			<ymax>180</ymax>
		</bndbox>
	</object>
	<object>
		<name>cup_cakes</name>
		<pose>Unspecified</pose>
		<truncated>1</truncated>
		<difficult>0</difficult>
		<bndbox>
			<xmin>6</xmin>
			<ymin>321</ymin>
			<xmax>359</xmax>
			<ymax>512</ymax>
		</bndbox>
	</object>
</annotation>
