<annotation>
	<folder>cup_cakes</folder>
	<filename>132594.jpg</filename>
	<path>E:\Beshoy\College\content\food-101\images\cup_cakes\132594.jpg</path>
	<source>
		<database>Unknown</database>
	</source>
	<size>
		<width>382</width>
		<height>512</height>
		<depth>3</depth>
	</size>
	<segmented>0</segmented>
	<object>
		<name>cup_cakes</name>
		<pose>Unspecified</pose>
		<truncated>0</truncated>
		<difficult>0</difficult>
		<bndbox>
			<xmin>2</xmin>
			<ymin>143</ymin>
			<xmax>381</xmax>
			<ymax>399</ymax>
		</bndbox>
	</object>
</annotation>
