<annotation>
	<folder>cup_cakes</folder>
	<filename>132791.jpg</filename>
	<path>E:\Beshoy\College\content\food-101\images\cup_cakes\132791.jpg</path>
	<source>
		<database>Unknown</database>
	</source>
	<size>
		<width>384</width>
		<height>512</height>
		<depth>3</depth>
	</size>
	<segmented>0</segmented>
	<object>
		<name>cup_cakes</name>
		<pose>Unspecified</pose>
		<truncated>0</truncated>
		<difficult>0</difficult>
		<bndbox>
			<xmin>30</xmin>
			<ymin>54</ymin>
			<xmax>294</xmax>
			<ymax>343</ymax>
		</bndbox>
	</object>
</annotation>
