<annotation>
	<folder>cup_cakes</folder>
	<filename>137287.jpg</filename>
	<path>E:\Beshoy\College\content\food-101\images\cup_cakes\137287.jpg</path>
	<source>
		<database>Unknown</database>
	</source>
	<size>
		<width>512</width>
		<height>384</height>
		<depth>3</depth>
	</size>
	<segmented>0</segmented>
	<object>
		<name>cup_cakes</name>
		<pose>Unspecified</pose>
		<truncated>0</truncated>
		<difficult>0</difficult>
		<bndbox>
			<xmin>112</xmin>
			<ymin>50</ymin>
			<xmax>335</xmax>
			<ymax>358</ymax>
		</bndbox>
	</object>
</annotation>
