<annotation>
	<folder>cup_cakes</folder>
	<filename>145254.jpg</filename>
	<path>E:\Beshoy\College\content\food-101\images\cup_cakes\145254.jpg</path>
	<source>
		<database>Unknown</database>
	</source>
	<size>
		<width>512</width>
		<height>291</height>
		<depth>3</depth>
	</size>
	<segmented>0</segmented>
	<object>
		<name>cup_cakes</name>
		<pose>Unspecified</pose>
		<truncated>0</truncated>
		<difficult>0</difficult>
		<bndbox>
			<xmin>15</xmin>
			<ymin>48</ymin>
			<xmax>240</xmax>
			<ymax>261</ymax>
		</bndbox>
	</object>
	<object>
		<name>cup_cakes</name>
		<pose>Unspecified</pose>
		<truncated>0</truncated>
		<difficult>0</difficult>
		<bndbox>
			<xmin>267</xmin>
			<ymin>34</ymin>
			<xmax>496</xmax>
			<ymax>240</ymax>
		</bndbox>
	</object>
</annotation>
