<annotation>
	<folder>cup_cakes</folder>
	<filename>149192.jpg</filename>
	<path>E:\Beshoy\College\content\food-101\images\cup_cakes\149192.jpg</path>
	<source>
		<database>Unknown</database>
	</source>
	<size>
		<width>512</width>
		<height>384</height>
		<depth>3</depth>
	</size>
	<segmented>0</segmented>
	<object>
		<name>cup_cakes</name>
		<pose>Unspecified</pose>
		<truncated>0</truncated>
		<difficult>0</difficult>
		<bndbox>
			<xmin>209</xmin>
			<ymin>232</ymin>
			<xmax>470</xmax>
			<ymax>366</ymax>
		</bndbox>
	</object>
	<object>
		<name>cup_cakes</name>
		<pose>Unspecified</pose>
		<truncated>0</truncated>
		<difficult>0</difficult>
		<bndbox>
			<xmin>2</xmin>
			<ymin>209</ymin>
			<xmax>171</xmax>
			<ymax>283</ymax>
		</bndbox>
	</object>
</annotation>
