<annotation>
	<folder>cup_cakes</folder>
	<filename>15425.jpg</filename>
	<path>E:\Beshoy\College\content\food-101\images\cup_cakes\15425.jpg</path>
	<source>
		<database>Unknown</database>
	</source>
	<size>
		<width>384</width>
		<height>512</height>
		<depth>3</depth>
	</size>
	<segmented>0</segmented>
	<object>
		<name>cup_cakes</name>
		<pose>Unspecified</pose>
		<truncated>0</truncated>
		<difficult>0</difficult>
		<bndbox>
			<xmin>47</xmin>
			<ymin>80</ymin>
			<xmax>348</xmax>
			<ymax>459</ymax>
		</bndbox>
	</object>
</annotation>
