<annotation>
	<folder>cup_cakes</folder>
	<filename>158588.jpg</filename>
	<path>E:\Beshoy\College\content\food-101\images\cup_cakes\158588.jpg</path>
	<source>
		<database>Unknown</database>
	</source>
	<size>
		<width>512</width>
		<height>382</height>
		<depth>3</depth>
	</size>
	<segmented>0</segmented>
	<object>
		<name>cup_cakes</name>
		<pose>Unspecified</pose>
		<truncated>0</truncated>
		<difficult>0</difficult>
		<bndbox>
			<xmin>180</xmin>
			<ymin>44</ymin>
			<xmax>332</xmax>
			<ymax>190</ymax>
		</bndbox>
	</object>
	<object>
		<name>cup_cakes</name>
		<pose>Unspecified</pose>
		<truncated>0</truncated>
		<difficult>0</difficult>
		<bndbox>
			<xmin>295</xmin>
			<ymin>152</ymin>
			<xmax>460</xmax>
			<ymax>322</ymax>
		</bndbox>
	</object>
	<object>
		<name>cup_cakes</name>
		<pose>Unspecified</pose>
		<truncated>0</truncated>
		<difficult>0</difficult>
		<bndbox>
			<xmin>98</xmin>
			<ymin>172</ymin>
			<xmax>272</xmax>
			<ymax>333</ymax>
		</bndbox>
	</object>
</annotation>
