<annotation>
	<folder>cup_cakes</folder>
	<filename>171838.jpg</filename>
	<path>E:\Beshoy\College\content\food-101\images\cup_cakes\171838.jpg</path>
	<source>
		<database>Unknown</database>
	</source>
	<size>
		<width>512</width>
		<height>384</height>
		<depth>3</depth>
	</size>
	<segmented>0</segmented>
	<object>
		<name>cup_cakes</name>
		<pose>Unspecified</pose>
		<truncated>0</truncated>
		<difficult>0</difficult>
		<bndbox>
			<xmin>32</xmin>
			<ymin>101</ymin>
			<xmax>288</xmax>
			<ymax>352</ymax>
		</bndbox>
	</object>
	<object>
		<name>cup_cakes</name>
		<pose>Unspecified</pose>
		<truncated>1</truncated>
		<difficult>0</difficult>
		<bndbox>
			<xmin>215</xmin>
			<ymin>1</ymin>
			<xmax>424</xmax>
			<ymax>212</ymax>
		</bndbox>
	</object>
</annotation>
