<annotation>
	<folder>cup_cakes</folder>
	<filename>178439.jpg</filename>
	<path>E:\Beshoy\College\content\food-101\images\cup_cakes\178439.jpg</path>
	<source>
		<database>Unknown</database>
	</source>
	<size>
		<width>512</width>
		<height>384</height>
		<depth>3</depth>
	</size>
	<segmented>0</segmented>
	<object>
		<name>cup_cakes</name>
		<pose>Unspecified</pose>
		<truncated>0</truncated>
		<difficult>0</difficult>
		<bndbox>
			<xmin>21</xmin>
			<ymin>96</ymin>
			<xmax>212</xmax>
			<ymax>321</ymax>
		</bndbox>
	</object>
	<object>
		<name>cup_cakes</name>
		<pose>Unspecified</pose>
		<truncated>0</truncated>
		<difficult>0</difficult>
		<bndbox>
			<xmin>246</xmin>
			<ymin>94</ymin>
			<xmax>430</xmax>
			<ymax>316</ymax>
		</bndbox>
	</object>
</annotation>
