<annotation>
	<folder>cup_cakes</folder>
	<filename>182075.jpg</filename>
	<path>E:\Beshoy\College\content\food-101\images\cup_cakes\182075.jpg</path>
	<source>
		<database>Unknown</database>
	</source>
	<size>
		<width>512</width>
		<height>382</height>
		<depth>3</depth>
	</size>
	<segmented>0</segmented>
	<object>
		<name>cup_cakes</name>
		<pose>Unspecified</pose>
		<truncated>1</truncated>
		<difficult>0</difficult>
		<bndbox>
			<xmin>1</xmin>
			<ymin>60</ymin>
			<xmax>353</xmax>
			<ymax>382</ymax>
		</bndbox>
	</object>
	<object>
		<name>cup_cakes</name>
		<pose>Unspecified</pose>
		<truncated>1</truncated>
		<difficult>0</difficult>
		<bndbox>
			<xmin>285</xmin>
			<ymin>2</ymin>
			<xmax>512</xmax>
			<ymax>216</ymax>
		</bndbox>
	</object>
</annotation>
