<annotation>
	<folder>cup_cakes</folder>
	<filename>20377.jpg</filename>
	<path>E:\Beshoy\College\content\food-101\images\cup_cakes\20377.jpg</path>
	<source>
		<database>Unknown</database>
	</source>
	<size>
		<width>384</width>
		<height>512</height>
		<depth>3</depth>
	</size>
	<segmented>0</segmented>
	<object>
		<name>cup_cakes</name>
		<pose>Unspecified</pose>
		<truncated>0</truncated>
		<difficult>0</difficult>
		<bndbox>
			<xmin>14</xmin>
			<ymin>4</ymin>
			<xmax>204</xmax>
			<ymax>230</ymax>
		</bndbox>
	</object>
	<object>
		<name>cup_cakes</name>
		<pose>Unspecified</pose>
		<truncated>1</truncated>
		<difficult>0</difficult>
		<bndbox>
			<xmin>137</xmin>
			<ymin>204</ymin>
			<xmax>384</xmax>
			<ymax>469</ymax>
		</bndbox>
	</object>
	<object>
		<name>cup_cakes</name>
		<pose>Unspecified</pose>
		<truncated>1</truncated>
		<difficult>0</difficult>
		<bndbox>
			<xmin>202</xmin>
			<ymin>46</ymin>
			<xmax>384</xmax>
			<ymax>219</ymax>
		</bndbox>
	</object>
</annotation>
