<annotation>
	<folder>cup_cakes</folder>
	<filename>42122.jpg</filename>
	<path>E:\Beshoy\College\content\food-101\images\cup_cakes\42122.jpg</path>
	<source>
		<database>Unknown</database>
	</source>
	<size>
		<width>512</width>
		<height>384</height>
		<depth>3</depth>
	</size>
	<segmented>0</segmented>
	<object>
		<name>cup_cakes</name>
		<pose>Unspecified</pose>
		<truncated>0</truncated>
		<difficult>0</difficult>
		<bndbox>
			<xmin>133</xmin>
			<ymin>124</ymin>
			<xmax>237</xmax>
			<ymax>232</ymax>
		</bndbox>
	</object>
	<object>
		<name>cup_cakes</name>
		<pose>Unspecified</pose>
		<truncated>0</truncated>
		<difficult>0</difficult>
		<bndbox>
			<xmin>132</xmin>
			<ymin>248</ymin>
			<xmax>248</xmax>
			<ymax>368</ymax>
		</bndbox>
	</object>
	<object>
		<name>cup_cakes</name>
		<pose>Unspecified</pose>
		<truncated>0</truncated>
		<difficult>0</difficult>
		<bndbox>
			<xmin>357</xmin>
			<ymin>181</ymin>
			<xmax>465</xmax>
			<ymax>294</ymax>
		</bndbox>
	</object>
</annotation>
