<annotation>
	<folder>cup_cakes</folder>
	<filename>53307.jpg</filename>
	<path>E:\Beshoy\College\content\food-101\images\cup_cakes\53307.jpg</path>
	<source>
		<database>Unknown</database>
	</source>
	<size>
		<width>512</width>
		<height>384</height>
		<depth>3</depth>
	</size>
	<segmented>0</segmented>
	<object>
		<name>cup_cakes</name>
		<pose>Unspecified</pose>
		<truncated>0</truncated>
		<difficult>0</difficult>
		<bndbox>
			<xmin>12</xmin>
			<ymin>96</ymin>
			<xmax>241</xmax>
			<ymax>316</ymax>
		</bndbox>
	</object>
	<object>
		<name>cup_cakes</name>
		<pose>Unspecified</pose>
		<truncated>0</truncated>
		<difficult>0</difficult>
		<bndbox>
			<xmin>244</xmin>
			<ymin>109</ymin>
			<xmax>477</xmax>
			<ymax>324</ymax>
		</bndbox>
	</object>
</annotation>
