<annotation>
	<folder>cup_cakes</folder>
	<filename>66445.jpg</filename>
	<path>E:\Beshoy\College\content\food-101\images\cup_cakes\66445.jpg</path>
	<source>
		<database>Unknown</database>
	</source>
	<size>
		<width>512</width>
		<height>384</height>
		<depth>3</depth>
	</size>
	<segmented>0</segmented>
	<object>
		<name>cup_cakes</name>
		<pose>Unspecified</pose>
		<truncated>0</truncated>
		<difficult>0</difficult>
		<bndbox>
			<xmin>28</xmin>
			<ymin>101</ymin>
			<xmax>180</xmax>
			<ymax>336</ymax>
		</bndbox>
	</object>
	<object>
		<name>cup_cakes</name>
		<pose>Unspecified</pose>
		<truncated>0</truncated>
		<difficult>0</difficult>
		<bndbox>
			<xmin>288</xmin>
			<ymin>129</ymin>
			<xmax>439</xmax>
			<ymax>332</ymax>
		</bndbox>
	</object>
</annotation>
