<annotation>
	<folder>cup_cakes</folder>
	<filename>70625.jpg</filename>
	<path>E:\Beshoy\College\content\food-101\images\cup_cakes\70625.jpg</path>
	<source>
		<database>Unknown</database>
	</source>
	<size>
		<width>512</width>
		<height>384</height>
		<depth>3</depth>
	</size>
	<segmented>0</segmented>
	<object>
		<name>cup_cakes</name>
		<pose>Unspecified</pose>
		<truncated>1</truncated>
		<difficult>0</difficult>
		<bndbox>
			<xmin>52</xmin>
			<ymin>57</ymin>
			<xmax>352</xmax>
			<ymax>384</ymax>
		</bndbox>
	</object>
	<object>
		<name>cup_cakes</name>
		<pose>Unspecified</pose>
		<truncated>1</truncated>
		<difficult>0</difficult>
		<bndbox>
			<xmin>327</xmin>
			<ymin>36</ymin>
			<xmax>512</xmax>
			<ymax>303</ymax>
		</bndbox>
	</object>
</annotation>
