<annotation>
	<folder>cup_cakes</folder>
	<filename>72335.jpg</filename>
	<path>E:\Beshoy\College\content\food-101\images\cup_cakes\72335.jpg</path>
	<source>
		<database>Unknown</database>
	</source>
	<size>
		<width>384</width>
		<height>512</height>
		<depth>3</depth>
	</size>
	<segmented>0</segmented>
	<object>
		<name>cup_cakes</name>
		<pose>Unspecified</pose>
		<truncated>0</truncated>
		<difficult>0</difficult>
		<bndbox>
			<xmin>192</xmin>
			<ymin>94</ymin>
			<xmax>361</xmax>
			<ymax>307</ymax>
		</bndbox>
	</object>
	<object>
		<name>cup_cakes</name>
		<pose>Unspecified</pose>
		<truncated>0</truncated>
		<difficult>0</difficult>
		<bndbox>
			<xmin>100</xmin>
			<ymin>252</ymin>
			<xmax>285</xmax>
			<ymax>436</ymax>
		</bndbox>
	</object>
</annotation>
