<annotation>
	<folder>cup_cakes</folder>
	<filename>7806.jpg</filename>
	<path>E:\Beshoy\College\content\food-101\images\cup_cakes\7806.jpg</path>
	<source>
		<database>Unknown</database>
	</source>
	<size>
		<width>512</width>
		<height>384</height>
		<depth>3</depth>
	</size>
	<segmented>0</segmented>
	<object>
		<name>cup_cakes</name>
		<pose>Unspecified</pose>
		<truncated>0</truncated>
		<difficult>0</difficult>
		<bndbox>
			<xmin>106</xmin>
			<ymin>96</ymin>
			<xmax>203</xmax>
			<ymax>231</ymax>
		</bndbox>
	</object>
	<object>
		<name>cup_cakes</name>
		<pose>Unspecified</pose>
		<truncated>0</truncated>
		<difficult>0</difficult>
		<bndbox>
			<xmin>203</xmin>
			<ymin>150</ymin>
			<xmax>307</xmax>
			<ymax>305</ymax>
		</bndbox>
	</object>
	<object>
		<name>cup_cakes</name>
		<pose>Unspecified</pose>
		<truncated>0</truncated>
		<difficult>0</difficult>
		<bndbox>
			<xmin>225</xmin>
			<ymin>83</ymin>
			<xmax>317</xmax>
			<ymax>186</ymax>
		</bndbox>
	</object>
</annotation>
