<annotation>
	<folder>cup_cakes</folder>
	<filename>79466.jpg</filename>
	<path>E:\Beshoy\College\content\food-101\images\cup_cakes\79466.jpg</path>
	<source>
		<database>Unknown</database>
	</source>
	<size>
		<width>342</width>
		<height>512</height>
		<depth>3</depth>
	</size>
	<segmented>0</segmented>
	<object>
		<name>cup_cakes</name>
		<pose>Unspecified</pose>
		<truncated>1</truncated>
		<difficult>0</difficult>
		<bndbox>
			<xmin>16</xmin>
			<ymin>38</ymin>
			<xmax>342</xmax>
			<ymax>467</ymax>
		</bndbox>
	</object>
</annotation>
