<annotation>
	<folder>cup_cakes</folder>
	<filename>96964.jpg</filename>
	<path>E:\Beshoy\College\content\food-101\images\cup_cakes\96964.jpg</path>
	<source>
		<database>Unknown</database>
	</source>
	<size>
		<width>512</width>
		<height>341</height>
		<depth>3</depth>
	</size>
	<segmented>0</segmented>
	<object>
		<name>cup_cakes</name>
		<pose>Unspecified</pose>
		<truncated>0</truncated>
		<difficult>0</difficult>
		<bndbox>
			<xmin>71</xmin>
			<ymin>63</ymin>
			<xmax>224</xmax>
			<ymax>210</ymax>
		</bndbox>
	</object>
	<object>
		<name>cup_cakes</name>
		<pose>Unspecified</pose>
		<truncated>1</truncated>
		<difficult>0</difficult>
		<bndbox>
			<xmin>110</xmin>
			<ymin>177</ymin>
			<xmax>304</xmax>
			<ymax>341</ymax>
		</bndbox>
	</object>
	<object>
		<name>cup_cakes</name>
		<pose>Unspecified</pose>
		<truncated>0</truncated>
		<difficult>0</difficult>
		<bndbox>
			<xmin>289</xmin>
			<ymin>130</ymin>
			<xmax>451</xmax>
			<ymax>293</ymax>
		</bndbox>
	</object>
	<object>
		<name>cup_cakes</name>
		<pose>Unspecified</pose>
		<truncated>0</truncated>
		<difficult>0</difficult>
		<bndbox>
			<xmin>218</xmin>
			<ymin>6</ymin>
			<xmax>378</xmax>
			<ymax>153</ymax>
		</bndbox>
	</object>
</annotation>
