<annotation>
	<folder>pho</folder>
	<filename>134776.jpg</filename>
	<path>E:\Beshoy\College\content\food-101\images\pho\134776.jpg</path>
	<source>
		<database>Unknown</database>
	</source>
	<size>
		<width>512</width>
		<height>382</height>
		<depth>3</depth>
	</size>
	<segmented>0</segmented>
	<object>
		<name>pho</name>
		<pose>Unspecified</pose>
		<truncated>1</truncated>
		<difficult>0</difficult>
		<bndbox>
			<xmin>30</xmin>
			<ymin>28</ymin>
			<xmax>476</xmax>
			<ymax>382</ymax>
		</bndbox>
	</object>
</annotation>
