<annotation>
	<folder>pho</folder>
	<filename>146024.jpg</filename>
	<path>E:\Beshoy\College\content\food-101\images\pho\146024.jpg</path>
	<source>
		<database>Unknown</database>
	</source>
	<size>
		<width>382</width>
		<height>512</height>
		<depth>3</depth>
	</size>
	<segmented>0</segmented>
	<object>
		<name>pho</name>
		<pose>Unspecified</pose>
		<truncated>1</truncated>
		<difficult>0</difficult>
		<bndbox>
			<xmin>2</xmin>
			<ymin>168</ymin>
			<xmax>382</xmax>
			<ymax>473</ymax>
		</bndbox>
	</object>
</annotation>
