<annotation>
	<folder>pho</folder>
	<filename>3490.jpg</filename>
	<path>E:\Beshoy\College\content\food-101\images\pho\3490.jpg</path>
	<source>
		<database>Unknown</database>
	</source>
	<size>
		<width>512</width>
		<height>379</height>
		<depth>3</depth>
	</size>
	<segmented>0</segmented>
	<object>
		<name>pho</name>
		<pose>Unspecified</pose>
		<truncated>1</truncated>
		<difficult>0</difficult>
		<bndbox>
			<xmin>2</xmin>
			<ymin>39</ymin>
			<xmax>512</xmax>
			<ymax>349</ymax>
		</bndbox>
	</object>
</annotation>
