<annotation>
	<folder>pho</folder>
	<filename>37660.jpg</filename>
	<path>E:\Beshoy\College\content\food-101\images\pho\37660.jpg</path>
	<source>
		<database>Unknown</database>
	</source>
	<size>
		<width>512</width>
		<height>384</height>
		<depth>3</depth>
	</size>
	<segmented>0</segmented>
	<object>
		<name>pho</name>
		<pose>Unspecified</pose>
		<truncated>0</truncated>
		<difficult>0</difficult>
		<bndbox>
			<xmin>36</xmin>
			<ymin>30</ymin>
			<xmax>438</xmax>
			<ymax>339</ymax>
		</bndbox>
	</object>
</annotation>
