<annotation>
	<folder>pho</folder>
	<filename>40626.jpg</filename>
	<path>E:\Beshoy\College\content\food-101\images\pho\40626.jpg</path>
	<source>
		<database>Unknown</database>
	</source>
	<size>
		<width>383</width>
		<height>512</height>
		<depth>3</depth>
	</size>
	<segmented>0</segmented>
	<object>
		<name>pho</name>
		<pose>Unspecified</pose>
		<truncated>1</truncated>
		<difficult>0</difficult>
		<bndbox>
			<xmin>1</xmin>
			<ymin>40</ymin>
			<xmax>381</xmax>
			<ymax>459</ymax>
		</bndbox>
	</object>
</annotation>
