<annotation>
	<folder>pho</folder>
	<filename>5030.jpg</filename>
	<path>E:\Beshoy\College\content\food-101\images\pho\5030.jpg</path>
	<source>
		<database>Unknown</database>
	</source>
	<size>
		<width>512</width>
		<height>384</height>
		<depth>3</depth>
	</size>
	<segmented>0</segmented>
	<object>
		<name>pho</name>
		<pose>Unspecified</pose>
		<truncated>1</truncated>
		<difficult>0</difficult>
		<bndbox>
			<xmin>12</xmin>
			<ymin>11</ymin>
			<xmax>500</xmax>
			<ymax>384</ymax>
		</bndbox>
	</object>
</annotation>
