<annotation>
	<folder>pho</folder>
	<filename>51112.jpg</filename>
	<path>E:\Beshoy\College\content\food-101\images\pho\51112.jpg</path>
	<source>
		<database>Unknown</database>
	</source>
	<size>
		<width>384</width>
		<height>512</height>
		<depth>3</depth>
	</size>
	<segmented>0</segmented>
	<object>
		<name>pho</name>
		<pose>Unspecified</pose>
		<truncated>0</truncated>
		<difficult>0</difficult>
		<bndbox>
			<xmin>11</xmin>
			<ymin>44</ymin>
			<xmax>351</xmax>
			<ymax>232</ymax>
		</bndbox>
	</object>
</annotation>
