<annotation>
	<folder>pho</folder>
	<filename>59434.jpg</filename>
	<path>E:\Beshoy\College\content\food-101\images\pho\59434.jpg</path>
	<source>
		<database>Unknown</database>
	</source>
	<size>
		<width>384</width>
		<height>512</height>
		<depth>3</depth>
	</size>
	<segmented>0</segmented>
	<object>
		<name>pho</name>
		<pose>Unspecified</pose>
		<truncated>0</truncated>
		<difficult>0</difficult>
		<bndbox>
			<xmin>20</xmin>
			<ymin>147</ymin>
			<xmax>352</xmax>
			<ymax>389</ymax>
		</bndbox>
	</object>
</annotation>
