<annotation>
	<folder>chicken_wings</folder>
	<filename>104370.jpg</filename>
	<path>E:\Beshoy\College\content\food-101\images\chicken_wings\104370.jpg</path>
	<source>
		<database>Unknown</database>
	</source>
	<size>
		<width>512</width>
		<height>384</height>
		<depth>3</depth>
	</size>
	<segmented>0</segmented>
	<object>
		<name>chicken_wings</name>
		<pose>Unspecified</pose>
		<truncated>1</truncated>
		<difficult>0</difficult>
		<bndbox>
			<xmin>151</xmin>
			<ymin>198</ymin>
			<xmax>346</xmax>
			<ymax>384</ymax>
		</bndbox>
	</object>
	<object>
		<name>chicken_wings</name>
		<pose>Unspecified</pose>
		<truncated>0</truncated>
		<difficult>0</difficult>
		<bndbox>
			<xmin>229</xmin>
			<ymin>130</ymin>
			<xmax>410</xmax>
			<ymax>255</ymax>
		</bndbox>
	</object>
</annotation>
