<annotation>
	<folder>chicken_wings</folder>
	<filename>105124.jpg</filename>
	<path>E:\Beshoy\College\content\food-101\images\chicken_wings\105124.jpg</path>
	<source>
		<database>Unknown</database>
	</source>
	<size>
		<width>512</width>
		<height>384</height>
		<depth>3</depth>
	</size>
	<segmented>0</segmented>
	<object>
		<name>chicken_wings</name>
		<pose>Unspecified</pose>
		<truncated>1</truncated>
		<difficult>0</difficult>
		<bndbox>
			<xmin>46</xmin>
			<ymin>40</ymin>
			<xmax>512</xmax>
			<ymax>335</ymax>
		</bndbox>
	</object>
</annotation>
