<annotation>
	<folder>chicken_wings</folder>
	<filename>138323.jpg</filename>
	<path>E:\Beshoy\College\content\food-101\images\chicken_wings\138323.jpg</path>
	<source>
		<database>Unknown</database>
	</source>
	<size>
		<width>512</width>
		<height>384</height>
		<depth>3</depth>
	</size>
	<segmented>0</segmented>
	<object>
		<name>chicken_wings</name>
		<pose>Unspecified</pose>
		<truncated>0</truncated>
		<difficult>0</difficult>
		<bndbox>
			<xmin>4</xmin>
			<ymin>105</ymin>
			<xmax>375</xmax>
			<ymax>348</ymax>
		</bndbox>
	</object>
</annotation>
