<annotation>
	<folder>chicken_wings</folder>
	<filename>144445.jpg</filename>
	<path>E:\Beshoy\College\content\food-101\images\chicken_wings\144445.jpg</path>
	<source>
		<database>Unknown</database>
	</source>
	<size>
		<width>382</width>
		<height>512</height>
		<depth>3</depth>
	</size>
	<segmented>0</segmented>
	<object>
		<name>chicken_wings</name>
		<pose>Unspecified</pose>
		<truncated>0</truncated>
		<difficult>0</difficult>
		<bndbox>
			<xmin>36</xmin>
			<ymin>176</ymin>
			<xmax>298</xmax>
			<ymax>437</ymax>
		</bndbox>
	</object>
</annotation>
