<annotation>
	<folder>chicken_wings</folder>
	<filename>161080.jpg</filename>
	<path>E:\Beshoy\College\content\food-101\images\chicken_wings\161080.jpg</path>
	<source>
		<database>Unknown</database>
	</source>
	<size>
		<width>512</width>
		<height>382</height>
		<depth>3</depth>
	</size>
	<segmented>0</segmented>
	<object>
		<name>chicken_wings</name>
		<pose>Unspecified</pose>
		<truncated>1</truncated>
		<difficult>0</difficult>
		<bndbox>
			<xmin>163</xmin>
			<ymin>1</ymin>
			<xmax>512</xmax>
			<ymax>135</ymax>
		</bndbox>
	</object>
	<object>
		<name>chicken_wings</name>
		<pose>Unspecified</pose>
		<truncated>1</truncated>
		<difficult>0</difficult>
		<bndbox>
			<xmin>124</xmin>
			<ymin>128</ymin>
			<xmax>512</xmax>
			<ymax>361</ymax>
		</bndbox>
	</object>
</annotation>
