<annotation>
	<folder>chicken_wings</folder>
	<filename>202958.jpg</filename>
	<path>E:\Beshoy\College\content\food-101\images\chicken_wings\202958.jpg</path>
	<source>
		<database>Unknown</database>
	</source>
	<size>
		<width>512</width>
		<height>382</height>
		<depth>3</depth>
	</size>
	<segmented>0</segmented>
	<object>
		<name>chicken_wings</name>
		<pose>Unspecified</pose>
		<truncated>0</truncated>
		<difficult>0</difficult>
		<bndbox>
			<xmin>113</xmin>
			<ymin>6</ymin>
			<xmax>483</xmax>
			<ymax>370</ymax>
		</bndbox>
	</object>
</annotation>
