<annotation>
	<folder>chicken_wings</folder>
	<filename>230375.jpg</filename>
	<path>E:\Beshoy\College\content\food-101\images\chicken_wings\230375.jpg</path>
	<source>
		<database>Unknown</database>
	</source>
	<size>
		<width>512</width>
		<height>384</height>
		<depth>3</depth>
	</size>
	<segmented>0</segmented>
	<object>
		<name>chicken_wings</name>
		<pose>Unspecified</pose>
		<truncated>0</truncated>
		<difficult>0</difficult>
		<bndbox>
			<xmin>5</xmin>
			<ymin>122</ymin>
			<xmax>143</xmax>
			<ymax>193</ymax>
		</bndbox>
	</object>
	<object>
		<name>chicken_wings</name>
		<pose>Unspecified</pose>
		<truncated>0</truncated>
		<difficult>0</difficult>
		<bndbox>
			<xmin>170</xmin>
			<ymin>97</ymin>
			<xmax>287</xmax>
			<ymax>143</ymax>
		</bndbox>
	</object>
	<object>
		<name>chicken_wings</name>
		<pose>Unspecified</pose>
		<truncated>0</truncated>
		<difficult>0</difficult>
		<bndbox>
			<xmin>353</xmin>
			<ymin>116</ymin>
			<xmax>467</xmax>
			<ymax>176</ymax>
		</bndbox>
	</object>
	<object>
		<name>chicken_wings</name>
		<pose>Unspecified</pose>
		<truncated>0</truncated>
		<difficult>0</difficult>
		<bndbox>
			<xmin>372</xmin>
			<ymin>218</ymin>
			<xmax>507</xmax>
			<ymax>330</ymax>
		</bndbox>
	</object>
	<object>
		<name>chicken_wings</name>
		<pose>Unspecified</pose>
		<truncated>0</truncated>
		<difficult>0</difficult>
		<bndbox>
			<xmin>110</xmin>
			<ymin>202</ymin>
			<xmax>273</xmax>
			<ymax>315</ymax>
		</bndbox>
	</object>
</annotation>
