<annotation>
	<folder>chicken_wings</folder>
	<filename>23576.jpg</filename>
	<path>E:\Beshoy\College\content\food-101\images\chicken_wings\23576.jpg</path>
	<source>
		<database>Unknown</database>
	</source>
	<size>
		<width>384</width>
		<height>512</height>
		<depth>3</depth>
	</size>
	<segmented>0</segmented>
	<object>
		<name>chicken_wings</name>
		<pose>Unspecified</pose>
		<truncated>0</truncated>
		<difficult>0</difficult>
		<bndbox>
			<xmin>72</xmin>
			<ymin>140</ymin>
			<xmax>316</xmax>
			<ymax>418</ymax>
		</bndbox>
	</object>
</annotation>
