<annotation>
	<folder>chicken_wings</folder>
	<filename>53485.jpg</filename>
	<path>E:\Beshoy\College\content\food-101\images\chicken_wings\53485.jpg</path>
	<source>
		<database>Unknown</database>
	</source>
	<size>
		<width>384</width>
		<height>512</height>
		<depth>3</depth>
	</size>
	<segmented>0</segmented>
	<object>
		<name>chicken_wings</name>
		<pose>Unspecified</pose>
		<truncated>0</truncated>
		<difficult>0</difficult>
		<bndbox>
			<xmin>66</xmin>
			<ymin>73</ymin>
			<xmax>342</xmax>
			<ymax>426</ymax>
		</bndbox>
	</object>
</annotation>
