<annotation>
	<folder>chicken_wings</folder>
	<filename>60121.jpg</filename>
	<path>E:\Beshoy\College\content\food-101\images\chicken_wings\60121.jpg</path>
	<source>
		<database>Unknown</database>
	</source>
	<size>
		<width>512</width>
		<height>384</height>
		<depth>3</depth>
	</size>
	<segmented>0</segmented>
	<object>
		<name>chicken_wings</name>
		<pose>Unspecified</pose>
		<truncated>0</truncated>
		<difficult>0</difficult>
		<bndbox>
			<xmin>92</xmin>
			<ymin>137</ymin>
			<xmax>342</xmax>
			<ymax>300</ymax>
		</bndbox>
	</object>
	<object>
		<name>chicken_wings</name>
		<pose>Unspecified</pose>
		<truncated>0</truncated>
		<difficult>0</difficult>
		<bndbox>
			<xmin>424</xmin>
			<ymin>148</ymin>
			<xmax>509</xmax>
			<ymax>215</ymax>
		</bndbox>
	</object>
</annotation>
