<annotation>
	<folder>chicken_wings</folder>
	<filename>85905.jpg</filename>
	<path>E:\Beshoy\College\content\food-101\images\chicken_wings\85905.jpg</path>
	<source>
		<database>Unknown</database>
	</source>
	<size>
		<width>383</width>
		<height>512</height>
		<depth>3</depth>
	</size>
	<segmented>0</segmented>
	<object>
		<name>chicken_wings</name>
		<pose>Unspecified</pose>
		<truncated>1</truncated>
		<difficult>0</difficult>
		<bndbox>
			<xmin>1</xmin>
			<ymin>85</ymin>
			<xmax>383</xmax>
			<ymax>447</ymax>
		</bndbox>
	</object>
</annotation>
