<annotation>
	<folder>french_fries</folder>
	<filename>114269.jpg</filename>
	<path>E:\Beshoy\College\content\food-101\images\french_fries\114269.jpg</path>
	<source>
		<database>Unknown</database>
	</source>
	<size>
		<width>383</width>
		<height>512</height>
		<depth>3</depth>
	</size>
	<segmented>0</segmented>
	<object>
		<name>french_fries</name>
		<pose>Unspecified</pose>
		<truncated>0</truncated>
		<difficult>0</difficult>
		<bndbox>
			<xmin>43</xmin>
			<ymin>80</ymin>
			<xmax>280</xmax>
			<ymax>152</ymax>
		</bndbox>
	</object>
</annotation>
