<annotation>
	<folder>french_fries</folder>
	<filename>143158.jpg</filename>
	<path>E:\Beshoy\College\content\food-101\images\french_fries\143158.jpg</path>
	<source>
		<database>Unknown</database>
	</source>
	<size>
		<width>382</width>
		<height>512</height>
		<depth>3</depth>
	</size>
	<segmented>0</segmented>
	<object>
		<name>french_fries</name>
		<pose>Unspecified</pose>
		<truncated>1</truncated>
		<difficult>0</difficult>
		<bndbox>
			<xmin>1</xmin>
			<ymin>74</ymin>
			<xmax>316</xmax>
			<ymax>456</ymax>
		</bndbox>
	</object>
</annotation>
