<annotation>
	<folder>french_fries</folder>
	<filename>149278.jpg</filename>
	<path>E:\Beshoy\College\content\food-101\images\french_fries\149278.jpg</path>
	<source>
		<database>Unknown</database>
	</source>
	<size>
		<width>512</width>
		<height>384</height>
		<depth>3</depth>
	</size>
	<segmented>0</segmented>
	<object>
		<name>french_fries</name>
		<pose>Unspecified</pose>
		<truncated>0</truncated>
		<difficult>0</difficult>
		<bndbox>
			<xmin>27</xmin>
			<ymin>5</ymin>
			<xmax>272</xmax>
			<ymax>170</ymax>
		</bndbox>
	</object>
	<object>
		<name>french_fries</name>
		<pose>Unspecified</pose>
		<truncated>1</truncated>
		<difficult>0</difficult>
		<bndbox>
			<xmin>221</xmin>
			<ymin>62</ymin>
			<xmax>512</xmax>
			<ymax>359</ymax>
		</bndbox>
	</object>
</annotation>
