<annotation>
	<folder>french_fries</folder>
	<filename>172042.jpg</filename>
	<path>E:\Beshoy\College\content\food-101\images\french_fries\172042.jpg</path>
	<source>
		<database>Unknown</database>
	</source>
	<size>
		<width>512</width>
		<height>512</height>
		<depth>3</depth>
	</size>
	<segmented>0</segmented>
	<object>
		<name>french_fries</name>
		<pose>Unspecified</pose>
		<truncated>0</truncated>
		<difficult>0</difficult>
		<bndbox>
			<xmin>89</xmin>
			<ymin>94</ymin>
			<xmax>509</xmax>
			<ymax>382</ymax>
		</bndbox>
	</object>
</annotation>
