<annotation>
	<folder>french_fries</folder>
	<filename>192632.jpg</filename>
	<path>E:\Beshoy\College\content\food-101\images\french_fries\192632.jpg</path>
	<source>
		<database>Unknown</database>
	</source>
	<size>
		<width>382</width>
		<height>512</height>
		<depth>3</depth>
	</size>
	<segmented>0</segmented>
	<object>
		<name>french_fries</name>
		<pose>Unspecified</pose>
		<truncated>0</truncated>
		<difficult>0</difficult>
		<bndbox>
			<xmin>34</xmin>
			<ymin>37</ymin>
			<xmax>379</xmax>
			<ymax>283</ymax>
		</bndbox>
	</object>
</annotation>
