<annotation>
	<folder>french_fries</folder>
	<filename>203924.jpg</filename>
	<path>E:\Beshoy\College\content\food-101\images\french_fries\203924.jpg</path>
	<source>
		<database>Unknown</database>
	</source>
	<size>
		<width>382</width>
		<height>512</height>
		<depth>3</depth>
	</size>
	<segmented>0</segmented>
	<object>
		<name>french_fries</name>
		<pose>Unspecified</pose>
		<truncated>1</truncated>
		<difficult>0</difficult>
		<bndbox>
			<xmin>199</xmin>
			<ymin>1</ymin>
			<xmax>382</xmax>
			<ymax>151</ymax>
		</bndbox>
	</object>
	<object>
		<name>french_fries</name>
		<pose>Unspecified</pose>
		<truncated>1</truncated>
		<difficult>0</difficult>
		<bndbox>
			<xmin>2</xmin>
			<ymin>132</ymin>
			<xmax>350</xmax>
			<ymax>512</ymax>
		</bndbox>
	</object>
</annotation>
