<annotation>
	<folder>french_fries</folder>
	<filename>223944.jpg</filename>
	<path>E:\Beshoy\College\content\food-101\images\french_fries\223944.jpg</path>
	<source>
		<database>Unknown</database>
	</source>
	<size>
		<width>512</width>
		<height>384</height>
		<depth>3</depth>
	</size>
	<segmented>0</segmented>
	<object>
		<name>french_fries</name>
		<pose>Unspecified</pose>
		<truncated>0</truncated>
		<difficult>0</difficult>
		<bndbox>
			<xmin>81</xmin>
			<ymin>2</ymin>
			<xmax>453</xmax>
			<ymax>273</ymax>
		</bndbox>
	</object>
</annotation>
