<annotation>
	<folder>french_fries</folder>
	<filename>234706.jpg</filename>
	<path>E:\Beshoy\College\content\food-101\images\french_fries\234706.jpg</path>
	<source>
		<database>Unknown</database>
	</source>
	<size>
		<width>512</width>
		<height>382</height>
		<depth>3</depth>
	</size>
	<segmented>0</segmented>
	<object>
		<name>french_fries</name>
		<pose>Unspecified</pose>
		<truncated>0</truncated>
		<difficult>0</difficult>
		<bndbox>
			<xmin>45</xmin>
			<ymin>84</ymin>
			<xmax>464</xmax>
			<ymax>270</ymax>
		</bndbox>
	</object>
</annotation>
