<annotation>
	<folder>french_fries</folder>
	<filename>293052.jpg</filename>
	<path>E:\Beshoy\College\content\food-101\images\french_fries\293052.jpg</path>
	<source>
		<database>Unknown</database>
	</source>
	<size>
		<width>512</width>
		<height>378</height>
		<depth>3</depth>
	</size>
	<segmented>0</segmented>
	<object>
		<name>french_fries</name>
		<pose>Unspecified</pose>
		<truncated>1</truncated>
		<difficult>0</difficult>
		<bndbox>
			<xmin>57</xmin>
			<ymin>96</ymin>
			<xmax>508</xmax>
			<ymax>378</ymax>
		</bndbox>
	</object>
</annotation>
