<annotation>
	<folder>french_fries</folder>
	<filename>296611.jpg</filename>
	<path>E:\Beshoy\College\content\food-101\images\french_fries\296611.jpg</path>
	<source>
		<database>Unknown</database>
	</source>
	<size>
		<width>512</width>
		<height>384</height>
		<depth>3</depth>
	</size>
	<segmented>0</segmented>
	<object>
		<name>french_fries</name>
		<pose>Unspecified</pose>
		<truncated>1</truncated>
		<difficult>0</difficult>
		<bndbox>
			<xmin>1</xmin>
			<ymin>16</ymin>
			<xmax>511</xmax>
			<ymax>368</ymax>
		</bndbox>
	</object>
</annotation>
