<annotation>
	<folder>french_fries</folder>
	<filename>3139.jpg</filename>
	<path>E:\Beshoy\College\content\food-101\images\french_fries\3139.jpg</path>
	<source>
		<database>Unknown</database>
	</source>
	<size>
		<width>512</width>
		<height>384</height>
		<depth>3</depth>
	</size>
	<segmented>0</segmented>
	<object>
		<name>french_fries</name>
		<pose>Unspecified</pose>
		<truncated>0</truncated>
		<difficult>0</difficult>
		<bndbox>
			<xmin>100</xmin>
			<ymin>79</ymin>
			<xmax>391</xmax>
			<ymax>313</ymax>
		</bndbox>
	</object>
</annotation>
