<annotation>
	<folder>french_fries</folder>
	<filename>71701.jpg</filename>
	<path>E:\Beshoy\College\content\food-101\images\french_fries\71701.jpg</path>
	<source>
		<database>Unknown</database>
	</source>
	<size>
		<width>512</width>
		<height>341</height>
		<depth>3</depth>
	</size>
	<segmented>0</segmented>
	<object>
		<name>french_fries</name>
		<pose>Unspecified</pose>
		<truncated>0</truncated>
		<difficult>0</difficult>
		<bndbox>
			<xmin>103</xmin>
			<ymin>62</ymin>
			<xmax>464</xmax>
			<ymax>316</ymax>
		</bndbox>
	</object>
</annotation>
