<annotation>
	<folder>french_fries</folder>
	<filename>80315.jpg</filename>
	<path>E:\Beshoy\College\content\food-101\images\french_fries\80315.jpg</path>
	<source>
		<database>Unknown</database>
	</source>
	<size>
		<width>384</width>
		<height>512</height>
		<depth>3</depth>
	</size>
	<segmented>0</segmented>
	<object>
		<name>french_fries</name>
		<pose>Unspecified</pose>
		<truncated>0</truncated>
		<difficult>0</difficult>
		<bndbox>
			<xmin>20</xmin>
			<ymin>163</ymin>
			<xmax>333</xmax>
			<ymax>396</ymax>
		</bndbox>
	</object>
</annotation>
