<annotation>
	<folder>french_fries</folder>
	<filename>89974.jpg</filename>
	<path>E:\Beshoy\College\content\food-101\images\french_fries\89974.jpg</path>
	<source>
		<database>Unknown</database>
	</source>
	<size>
		<width>383</width>
		<height>512</height>
		<depth>3</depth>
	</size>
	<segmented>0</segmented>
	<object>
		<name>french_fries</name>
		<pose>Unspecified</pose>
		<truncated>1</truncated>
		<difficult>0</difficult>
		<bndbox>
			<xmin>1</xmin>
			<ymin>24</ymin>
			<xmax>381</xmax>
			<ymax>512</ymax>
		</bndbox>
	</object>
</annotation>
